round,ACC,Kappa,NMI,ARI,PURITY
1,0.39556277056277056,0.246538051322034,0.18995976429368233,0.15818620381771098,0.43777056277056275
2,0.34794372294372294,0.221124263914791,0.1668282164599644,0.09881762167752696,0.38852813852813856
3,0.36742424242424243,0.2182684541609612,0.16923297445777505,0.06838796940055616,0.39556277056277056
4,0.33170995670995673,0.1921241413389837,0.16779695498090877,0.05148631467876416,0.40205627705627706
5,0.329004329004329,0.19991843882982063,0.1619817180632037,0.07918389378145069,0.4107142857142857
6,0.3409090909090909,0.19874782098567445,0.13038786771518887,0.09884597479944798,0.37987012987012986
7,0.38582251082251084,0.23055025260936746,0.16100015426636405,0.10874993952737316,0.41125541125541126
8,0.3582251082251082,0.21313396441215215,0.1703719861338027,0.12488418408949557,0.4274891774891775
9,0.329004329004329,0.18155206233507948,0.12223056841090359,0.07260149344995477,0.38582251082251084
10,0.36796536796536794,0.21337657495860907,0.12881494546586164,0.14059054144079436,0.40313852813852813
11,0.3787878787878788,0.21456148067191805,0.11308085567102093,0.1058598395117881,0.39664502164502163
12,0.29924242424242425,0.11619667205481043,0.09071805782847445,0.04828222907263262,0.36363636363636365
13,0.3354978354978355,0.20108908601054643,0.13124667063542775,0.09351152997911849,0.395021645021645
14,0.32954545454545453,0.17899327287611178,0.11226419804862542,0.07277495992248886,0.3722943722943723
15,0.36363636363636365,0.21019011058620618,0.1309592826644424,0.13598310619054202,0.4107142857142857
16,0.30898268398268397,0.15080222139777644,0.12893538832466048,0.05189846969046899,0.3912337662337662
17,0.35335497835497837,0.20514298075341453,0.12293152391466862,0.10845005047970009,0.38852813852813856
18,0.3392857142857143,0.18409533944500311,0.11926128812665453,0.09668001253452015,0.3939393939393939
19,0.3501082251082251,0.19038551611533538,0.10900533284982572,0.10352599356723932,0.37012987012987014
20,0.295995670995671,0.16289048749635726,0.12355166303150292,0.041253982655003595,0.4015151515151515
21,0.3425324675324675,0.1921025153154814,0.12013564761808039,0.08579383175929059,0.3760822510822511
22,0.35119047619047616,0.19983995007829158,0.11214092825078058,0.11944581811276178,0.3874458874458874
23,0.3625541125541126,0.19960733056479318,0.12803704617028167,0.11622044411359359,0.39826839826839827
24,0.3647186147186147,0.20329880370994224,0.12745200787716063,0.11186923913494023,0.395021645021645
25,0.3014069264069264,0.1481122030332439,0.13578035303256208,0.06479395986094,0.3933982683982684
26,0.36417748917748916,0.19625793923852164,0.12269253574258025,0.12300266170737131,0.3933982683982684
27,0.3430735930735931,0.18191683635069467,0.12039775663367479,0.09345827963906911,0.408008658008658
28,0.36417748917748916,0.19889880867833798,0.11970741845021503,0.12611023133017113,0.39556277056277056
29,0.3582251082251082,0.1984754515443513,0.11730273663202712,0.12003488573176971,0.395021645021645
30,0.3717532467532468,0.20539413862219247,0.13341787370340624,0.1139918601181585,0.3977272727272727
31,0.32142857142857145,0.1709135402300085,0.10899108449422425,0.06646439453554416,0.37337662337662336
32,0.354978354978355,0.1973122472032941,0.11157380245166292,0.07482921416770184,0.3630952380952381
33,0.33874458874458874,0.19212796845005597,0.12222232220754377,0.08541536703393117,0.3906926406926407
34,0.33116883116883117,0.18217792004124678,0.11020294657162512,0.06943236277586426,0.36904761904761907
35,0.3457792207792208,0.18014347834064182,0.12000085353380933,0.046185088768365835,0.39231601731601734
36,0.3198051948051948,0.16804458229171904,0.14721497450116397,0.0643073850618797,0.3944805194805195
37,0.3555194805194805,0.20214600831578222,0.12792412772319064,0.09906244533716796,0.40476190476190477
38,0.30844155844155846,0.17354265989938666,0.13830531571006144,0.07686250885639072,0.39935064935064934
39,0.37554112554112556,0.1955184862442424,0.1255613705091371,0.06786993038243834,0.39231601731601734
40,0.33820346320346323,0.19128459604019632,0.11155618525237122,0.07172761357656483,0.36147186147186144
41,0.34415584415584416,0.1966819647107264,0.1164734690187599,0.08480768987335746,0.3712121212121212
42,0.3695887445887446,0.20945516474824832,0.11123762155232125,0.08230899752189462,0.38203463203463206
43,0.2922077922077922,0.15472673559822758,0.11165122523801742,0.027111366933785602,0.3630952380952381
44,0.3306277056277056,0.18466148829730844,0.11376541438991732,0.06542271174803212,0.3647186147186147
45,0.3717532467532468,0.21213910529841007,0.14723414271972488,0.10950078575648721,0.3961038961038961
46,0.31493506493506496,0.16766470474390638,0.11799316845249802,0.04597934738356682,0.39556277056277056
47,0.32846320346320346,0.18527376164075804,0.10547263944466306,0.061627459977705065,0.3625541125541126
48,0.35173160173160173,0.20401819260431087,0.1212262899862127,0.0835895155582798,0.3739177489177489
49,0.36742424242424243,0.2095929845409934,0.11711164104697795,0.07519796630521765,0.36796536796536794
50,0.3658008658008658,0.2107583054444535,0.12178050923091904,0.07812321383738738,0.36796536796536794
51,0.37932900432900435,0.21301352239915372,0.13566102360048402,0.09928309399049258,0.3961038961038961
52,0.36904761904761907,0.2133457215820208,0.12766292455475528,0.08898150097541509,0.3847402597402597
53,0.3869047619047619,0.218109758989398,0.1343680174004003,0.07966937573755917,0.3977272727272727
54,0.3695887445887446,0.21316119940179035,0.1313063536333203,0.11658401343904448,0.3906926406926407
55,0.3652597402597403,0.2143950595807601,0.12768684272314615,0.10267540062126833,0.3847402597402597
56,0.3695887445887446,0.2149203495612252,0.12963553853755452,0.1041371157941624,0.3874458874458874
57,0.3457792207792208,0.19834748996513485,0.12028943769796138,0.08927785549403375,0.37716450216450215
58,0.387987012987013,0.2268646204472009,0.16990069523166562,0.11203342605420383,0.4025974025974026
59,0.3760822510822511,0.22517442033828772,0.15904582419896376,0.11909341385849662,0.4025974025974026
60,0.3555194805194805,0.2051124903165692,0.1296043255940275,0.0918937898531068,0.38095238095238093
61,0.36634199134199136,0.21555458164817753,0.1383347827443732,0.10903308809423563,0.39231601731601734
62,0.35714285714285715,0.21272394036791498,0.14220254787619352,0.11645810053903098,0.40313852813852813
63,0.3474025974025974,0.20012862899578931,0.12815802320679934,0.08475715358590241,0.3814935064935065
64,0.3739177489177489,0.22775429123513535,0.14418992796607102,0.12198972391504184,0.39935064935064934
65,0.38365800865800864,0.22857403592461478,0.14597041922404097,0.12391109668755884,0.4063852813852814
66,0.3777056277056277,0.22212087360232857,0.1664237582386468,0.11293665434366487,0.4096320346320346
67,0.39231601731601734,0.21961983191381362,0.17729145082114484,0.11344789893784761,0.4155844155844156
68,0.3722943722943723,0.22125138589993043,0.14337036374110754,0.12335438670125294,0.40584415584415584
69,0.39826839826839827,0.23451523574598576,0.18322419323702122,0.10641920368550421,0.4193722943722944
70,0.3782467532467532,0.2155194262529474,0.18109354308666376,0.11570729488628471,0.4090909090909091
71,0.3777056277056277,0.21496719056364844,0.17932562997353094,0.11502120670595055,0.4063852813852814
72,0.3647186147186147,0.20559610171055465,0.16518805845297757,0.11676889673692337,0.4015151515151515
73,0.3630952380952381,0.21950078243835858,0.1567277271486771,0.11131986740851912,0.40313852813852813
74,0.3841991341991342,0.23534491441087513,0.18083268217252008,0.10987946512938701,0.41125541125541126
75,0.354978354978355,0.21113174269215274,0.15358796296214625,0.10679574892569428,0.4063852813852814
76,0.3593073593073593,0.21695559795194652,0.15459757166372226,0.10732040891606404,0.4053030303030303
77,0.3630952380952381,0.22389346365162888,0.1642782184047801,0.10855816420645821,0.4053030303030303
78,0.36093073593073594,0.22063992509531805,0.1638957931157701,0.10825598505548073,0.4069264069264069
79,0.362012987012987,0.22241791514588283,0.16450129009853337,0.10936809023895086,0.4069264069264069
80,0.36038961038961037,0.22206433222145527,0.16523157035554234,0.10973154147364331,0.40854978354978355
81,0.36147186147186144,0.22279853686649498,0.16473575747899252,0.11001891830633885,0.4074675324675325
82,0.3582251082251082,0.21936555607161068,0.1648135339782804,0.10734571947733047,0.4074675324675325
83,0.36147186147186144,0.22147359642182884,0.16811462460311621,0.10946349347550277,0.41233766233766234
84,0.36147186147186144,0.2204544203348774,0.16669407345640927,0.10838996395104718,0.41829004329004327
85,0.3804112554112554,0.24073743156281147,0.17379674806995732,0.12666989730409373,0.4069264069264069
86,0.3717532467532468,0.2220439870278298,0.17446625898471954,0.09601450798378847,0.39664502164502163
87,0.37337662337662336,0.22440152525842305,0.17544072877252936,0.09695406388451126,0.39826839826839827
88,0.375,0.2195412331119807,0.1786543480084586,0.10116965477157872,0.40205627705627706
89,0.36688311688311687,0.21748363966955797,0.17335225869401039,0.10608625995807862,0.4074675324675325
90,0.3484848484848485,0.20295548750104342,0.16054673676759534,0.07115056018888806,0.3739177489177489
91,0.36363636363636365,0.21455434931103357,0.17028303178696966,0.09883445975151749,0.4063852813852814
92,0.3398268398268398,0.19749469815996434,0.15371893856614818,0.07024447739358214,0.37445887445887444
93,0.33766233766233766,0.1893696946847757,0.15228404583379354,0.07176768920956758,0.3722943722943723
94,0.29978354978354976,0.11315003536182,0.15399428232133539,0.0636614786857718,0.36742424242424243
95,0.35984848484848486,0.2149532710280374,0.1559192335033134,0.1093674993384499,0.3939393939393939
96,0.33766233766233766,0.19460896402866412,0.1579604396067619,0.07623771185258488,0.3847402597402597
97,0.3398268398268398,0.19691955873605005,0.15623104410425587,0.07611508611066689,0.3814935064935065
98,0.3392857142857143,0.19607831261127184,0.15505680522610452,0.07529826099638029,0.3804112554112554
99,0.3555194805194805,0.20099613742630618,0.15484805094731746,0.053161677763486806,0.36742424242424243
100,0.3555194805194805,0.2009445038631864,0.15537998622568586,0.0534603853928335,0.36796536796536794
101,0.3338744588744589,0.19596058987942,0.15137689623520992,0.07884104128224384,0.36904761904761907
102,0.3333333333333333,0.1879281527342923,0.15274713966438866,0.07893056753823854,0.36796536796536794
103,0.35064935064935066,0.2045973812258296,0.16091335384695835,0.07451455709119871,0.3777056277056277
104,0.38906926406926406,0.2366100732438562,0.17134698474532442,0.09552736640295857,0.40205627705627706
105,0.38906926406926406,0.2366100732438562,0.17134698474532442,0.09552736640295857,0.40205627705627706
106,0.38365800865800864,0.2323361849857708,0.17625430914365173,0.10019124275997646,0.39556277056277056
107,0.3841991341991342,0.2334532772687774,0.17724176410478829,0.10031610746420143,0.3961038961038961
108,0.3409090909090909,0.19708464544739823,0.15046049296475938,0.08143676394572734,0.3814935064935065
109,0.3658008658008658,0.21992373761330508,0.1676243408806826,0.1004019224340777,0.3944805194805195
110,0.33820346320346323,0.19537840929359263,0.1523319001208321,0.07940106993811508,0.3777056277056277
111,0.3392857142857143,0.19573560311596105,0.1511006769168085,0.07902767210611089,0.37716450216450215
112,0.3392857142857143,0.1956146107867257,0.15093537969650994,0.07891952176584385,0.3760822510822511
113,0.35714285714285715,0.21408123076526542,0.15566938220091478,0.10593961334174458,0.3912337662337662
114,0.349025974025974,0.20357269265987354,0.15890635068960907,0.08293658365312005,0.38257575757575757
115,0.3787878787878788,0.2245783527100048,0.1784880788747328,0.12254089794162025,0.4134199134199134
116,0.37283549783549785,0.21619235021311223,0.1842807202359603,0.10735435302431416,0.4172077922077922
117,0.354978354978355,0.20456544629664142,0.17020151730691777,0.1020745766660499,0.4101731601731602
118,0.35173160173160173,0.20106154438540957,0.1694620720667773,0.10005687856835467,0.41125541125541126
119,0.35443722943722944,0.21112423520167356,0.16757442972330208,0.0998077093172446,0.40854978354978355
120,0.3425324675324675,0.20057279963655283,0.15593170675875934,0.06870506161909459,0.37987012987012986
121,0.36634199134199136,0.21694036863734745,0.17136106992476186,0.098149651228179,0.4069264069264069
122,0.3647186147186147,0.21669838429636135,0.1721233546325375,0.09813892505095421,0.4069264069264069
123,0.3647186147186147,0.21738951640917548,0.17188385459341926,0.09765962634489142,0.40584415584415584
124,0.3647186147186147,0.2111996422397101,0.1743770036901957,0.11063046066164137,0.4134199134199134
125,0.3474025974025974,0.2041605128366275,0.1657942594720098,0.09003643387685899,0.38257575757575757
126,0.34794372294372294,0.20503956167294246,0.1670092868503462,0.09109592505440042,0.38257575757575757
127,0.3501082251082251,0.20898615630970852,0.16798085351831638,0.09403697830377059,0.3852813852813853
128,0.34794372294372294,0.2071194184602413,0.16947085017107183,0.0935199097558559,0.38365800865800864
129,0.35173160173160173,0.21110065851364057,0.17138465600469635,0.09679271902708685,0.38311688311688313
130,0.34794372294372294,0.20771549143136292,0.17014358510298846,0.09522820978224925,0.38203463203463206
131,0.3906926406926407,0.23390982669855465,0.18969470334594607,0.10997760879187052,0.4107142857142857
132,0.39015151515151514,0.233082075509911,0.18842194204739846,0.10815475654485941,0.4101731601731602
133,0.3647186147186147,0.21783953675002543,0.1590410364889208,0.07452629716044261,0.3787878787878788
134,0.3647186147186147,0.2168420231884287,0.15732228913873372,0.07366429063722246,0.37932900432900435
135,0.37067099567099565,0.22161321142171708,0.16230126219046948,0.07028071627036492,0.3804112554112554
136,0.36417748917748916,0.21284019539427756,0.15864526856679564,0.06402057956236136,0.37662337662337664
137,0.37554112554112556,0.223438085468741,0.16722661966551056,0.1032966124203807,0.3971861471861472
138,0.3338744588744589,0.19333387941112956,0.1572838515653565,0.07351369353916812,0.37283549783549785
139,0.3906926406926407,0.23222627107012095,0.17024585526471062,0.10207699888097668,0.4063852813852814
140,0.33820346320346323,0.20009117125330744,0.16313143143497522,0.07812803001846892,0.3712121212121212
141,0.4042207792207792,0.2413804417532922,0.19272202894486928,0.16349711408794174,0.4301948051948052
142,0.31764069264069267,0.18730533383971382,0.1478174192180917,0.072385462163385,0.37554112554112556
143,0.3695887445887446,0.2279292709595585,0.17355211125044914,0.09425963912115637,0.38906926406926406
144,0.40205627705627706,0.24478590728578709,0.1889918868416577,0.10916707470220334,0.4226190476190476
145,0.4025974025974026,0.24624961346219276,0.18559011985293625,0.10928253543050458,0.420995670995671
146,0.3760822510822511,0.22769133518526052,0.1734956818628495,0.11517472679884118,0.40205627705627706
147,0.37932900432900435,0.22896983109516422,0.17147172943396613,0.11831229625936616,0.4069264069264069
148,0.38582251082251084,0.23041502214848153,0.17342818383328576,0.12308703365929258,0.4101731601731602
149,0.3354978354978355,0.20209694687488455,0.16197350436850813,0.09239560616625182,0.3777056277056277
150,0.3814935064935065,0.23325653547142844,0.17240580038031234,0.15168857637543764,0.4166666666666667
151,0.38582251082251084,0.23042038710131907,0.18036694035608858,0.0940365097670236,0.4096320346320346
152,0.39935064935064934,0.24474588302780564,0.1805711932769848,0.11706455711388743,0.41179653679653677
153,0.3852813852813853,0.22700600919052671,0.18203522012752055,0.13291787797174204,0.4063852813852814
154,0.38636363636363635,0.24002658923440634,0.1773579466953462,0.1512549069322173,0.4134199134199134
155,0.37987012987012986,0.2142090415709229,0.1729658369173734,0.14663852484905432,0.4145021645021645
156,0.3782467532467532,0.22237062564433108,0.17070113783876703,0.12745983119435608,0.408008658008658
157,0.37932900432900435,0.22674213720842173,0.17392456186778313,0.12255524549841708,0.4004329004329004
158,0.3814935064935065,0.2294843005160936,0.17001000696120824,0.12269578229908565,0.4025974025974026
159,0.38095238095238093,0.22508793356489043,0.16992509117031723,0.07764075012172146,0.39826839826839827
160,0.3685064935064935,0.20769710344645154,0.1735386320925545,0.11824921149767288,0.40476190476190477
161,0.37932900432900435,0.2382856633596192,0.16131483292813503,0.13764223170541165,0.41179653679653677
162,0.37932900432900435,0.23650501719223116,0.16422570466113393,0.13539516034720034,0.4101731601731602
163,0.37283549783549785,0.22770610722530038,0.16404901377684472,0.1334467459883275,0.4096320346320346
164,0.38636363636363635,0.23186558219491904,0.18254562021175094,0.09384652329752584,0.4074675324675325
165,0.38852813852813856,0.22906874233033714,0.18827211566756138,0.1055016229699852,0.4134199134199134
166,0.3874458874458874,0.22954171798301692,0.18509122552164325,0.10650104783604215,0.4096320346320346
167,0.36093073593073594,0.21097504498280395,0.175079858180558,0.0923325867298893,0.39880952380952384
168,0.3106060606060606,0.18309842539219456,0.15144690114243725,0.08195844899867229,0.3739177489177489
169,0.35768398268398266,0.21366071540594445,0.1712717921143452,0.09639416154910407,0.395021645021645
170,0.35443722943722944,0.20443821530280704,0.174657186330998,0.09373417194567733,0.400974025974026
171,0.3430735930735931,0.2011360496352279,0.1602993895392824,0.08155423524203045,0.387987012987013
172,0.3203463203463203,0.13675178073062022,0.15538924544209887,0.07181385303196827,0.38365800865800864
173,0.354978354978355,0.21299105528744122,0.16379803944469662,0.10367275517315079,0.4063852813852814
174,0.3457792207792208,0.2128775919232857,0.17087383319219243,0.08894636004699001,0.4226190476190476
175,0.32954545454545453,0.18327478108450257,0.1470890639850107,0.06519194848718962,0.3841991341991342
176,0.32846320346320346,0.18184581356355456,0.1482011762360369,0.06505779388197731,0.3847402597402597
177,0.39556277056277056,0.24225985564798724,0.18348239341271488,0.10531146006951765,0.4172077922077922
178,0.40205627705627706,0.24782529261306707,0.1842454774536686,0.1071238350351413,0.41883116883116883
179,0.41883116883116883,0.259877120521231,0.2065049231313592,0.1445597230287746,0.43614718614718617
180,0.37932900432900435,0.2248679318972533,0.18064318841574709,0.11770346162611173,0.4258658008658009
181,0.39231601731601734,0.22399976069040817,0.17197872469228387,0.065062043494522,0.4015151515151515
182,0.3430735930735931,0.19281043635193984,0.1537157916308977,0.05248915027067931,0.37012987012987014
183,0.34145021645021645,0.19061071927527606,0.15230471405693682,0.0504760346317267,0.36904761904761907
184,0.3446969696969697,0.19266899662627235,0.1512865426019406,0.048736815983850684,0.37067099567099565
185,0.3463203463203463,0.19344694429671427,0.15187300011983662,0.04614578868183575,0.3722943722943723
186,0.3333333333333333,0.20032370098121866,0.16802961967097518,0.08373025253529162,0.3712121212121212
187,0.3338744588744589,0.2010087103118855,0.16787666122077755,0.08322651616460076,0.37067099567099565
188,0.33766233766233766,0.20458047586930073,0.1685280776848444,0.08417671612190064,0.37283549783549785
189,0.3560606060606061,0.2007902259688663,0.15454790842989383,0.05593115873109909,0.37012987012987014
190,0.341991341991342,0.20179307846139083,0.16498971741590068,0.08274447965623227,0.3685064935064935
191,0.3495670995670996,0.19135826064354367,0.1475619950227549,0.03729285633966743,0.37067099567099565
192,0.3430735930735931,0.1974217006858937,0.15810196399296741,0.0586692286914977,0.37067099567099565
193,0.3430735930735931,0.19660546802120393,0.1555813147631555,0.055884394128731245,0.37067099567099565
194,0.36904761904761907,0.2149944551875691,0.18610890912342754,0.07917025190732126,0.3933982683982684
195,0.38582251082251084,0.22511000033249473,0.17211211233047774,0.06097063360604908,0.3917748917748918
196,0.38636363636363635,0.22515522725684523,0.1738060257780207,0.060973016551931145,0.3933982683982684
197,0.39015151515151514,0.22382486217433073,0.1645096693990021,0.06613460061731491,0.395021645021645
198,0.37662337662337664,0.22500406810832418,0.18010536647923747,0.08984190098515704,0.395021645021645
199,0.3760822510822511,0.22430591429498203,0.17959359572739797,0.08937861137874568,0.395021645021645
200,0.3777056277056277,0.22673069582957806,0.18401348829244837,0.09109111957274292,0.39826839826839827
201,0.3484848484848485,0.20413522095253012,0.16819871374590506,0.07575782619094262,0.3685064935064935
202,0.38257575757575757,0.23029934677026354,0.1820759626654505,0.09668209546268734,0.40205627705627706
203,0.3804112554112554,0.22475780551018565,0.17849025683644784,0.09833149917025574,0.4004329004329004
204,0.4025974025974026,0.2311050543301293,0.17808881341739427,0.08242312854404929,0.4155844155844156
205,0.4036796536796537,0.2358665043215935,0.18300107740013585,0.0907381576759009,0.41829004329004327
206,0.39664502164502163,0.23267559939538185,0.1852651431422535,0.09577469070546173,0.4134199134199134
207,0.3630952380952381,0.21129992341788306,0.18180117953243657,0.0989216482342993,0.400974025974026
208,0.3917748917748918,0.23372259246210858,0.18525871042249997,0.09516054920866991,0.4128787878787879
209,0.3906926406926407,0.23290414361555267,0.1853412646834538,0.09633244638492465,0.41179653679653677
210,0.3852813852813853,0.23168154204760927,0.18102276855864516,0.10300046317895616,0.3977272727272727
211,0.38582251082251084,0.23252556564960247,0.18014726688413485,0.10263477637144194,0.3971861471861472
212,0.3782467532467532,0.22094206721755483,0.18284700057916686,0.12220890726098195,0.41179653679653677
213,0.3852813852813853,0.23811735877432638,0.17898914546064457,0.1462329825870842,0.4166666666666667
214,0.3593073593073593,0.22494589223788275,0.16472181845790726,0.10494957646518084,0.3971861471861472
215,0.3852813852813853,0.23811735877432638,0.17898914546064457,0.1462329825870842,0.4166666666666667
216,0.3463203463203463,0.2019099385876666,0.16558245411239442,0.08535159631321211,0.37283549783549785
217,0.3717532467532468,0.21655885590969082,0.1689227189643771,0.0803911267360494,0.39231601731601734
218,0.39015151515151514,0.22942565887618094,0.18361693438065405,0.14036124129911295,0.41233766233766234
219,0.3906926406926407,0.2301692123622916,0.1833822731112491,0.14101102930557488,0.41233766233766234
220,0.3917748917748918,0.23109965063310267,0.1831332354028734,0.14165633292003563,0.4128787878787879
221,0.3560606060606061,0.21100358527100493,0.1617204835313598,0.08532556851931956,0.37554112554112556
222,0.39231601731601734,0.22907180840690122,0.1793744399683561,0.10661335561732435,0.40584415584415584
223,0.3961038961038961,0.23241760941121825,0.18011888704596457,0.10840668202142796,0.4069264069264069
224,0.31926406926406925,0.17706382365653361,0.1566701056621229,0.0738554242500878,0.3695887445887446
225,0.3528138528138528,0.20700098415909296,0.16504478726223004,0.08252961494367446,0.3787878787878788
226,0.3528138528138528,0.2069224489795919,0.1645929185947283,0.08205385094335055,0.3787878787878788
227,0.3528138528138528,0.20708149502373863,0.16485077459776606,0.0823137155254165,0.3782467532467532
228,0.32846320346320346,0.20204866269784671,0.16478441802570568,0.08842928358713437,0.37283549783549785
229,0.32792207792207795,0.20158263085594463,0.16429126367303298,0.08790917334314818,0.3722943722943723
230,0.32521645021645024,0.19975469556239955,0.16489337512024563,0.08719028616557604,0.3739177489177489
231,0.33116883116883117,0.19671021327133376,0.1622366237639466,0.07795319609719323,0.3777056277056277
232,0.32792207792207795,0.19328170587815585,0.1615341513500322,0.07733726012086473,0.3782467532467532
233,0.32792207792207795,0.19383933447953094,0.16151458972695315,0.07777940259867845,0.3777056277056277
234,0.32521645021645024,0.19062490780428787,0.16099547729744412,0.07690861422614982,0.37662337662337664
235,0.3246753246753247,0.19014821915787927,0.16171076129449974,0.07665461835780217,0.3782467532467532
236,0.3273809523809524,0.19338177121685707,0.1612647093340731,0.07727915342519041,0.3777056277056277
237,0.3262987012987013,0.19231733269114515,0.16101698726146316,0.07707878713112655,0.37662337662337664
238,0.3587662337662338,0.20815092385646583,0.1703966286712634,0.08164556995006084,0.39880952380952384
239,0.36417748917748916,0.21392902988981122,0.17066708740270595,0.08377840537771843,0.3971861471861472
240,0.3652597402597403,0.2149163090812688,0.17268172723592823,0.0846315174471047,0.39826839826839827
241,0.32142857142857145,0.18992134792183712,0.16349111979885128,0.07656630302031564,0.3906926406926407
242,0.39935064935064934,0.24203861195604948,0.19087332592043613,0.13858136435181292,0.4161255411255411
243,0.38365800865800864,0.24032739008258375,0.17507774909407559,0.12393076041959661,0.3998917748917749
244,0.3392857142857143,0.20012903385898084,0.1637391422409142,0.08354393500225317,0.36634199134199136
245,0.362012987012987,0.2175559991065138,0.1744760915802724,0.10092941516156086,0.37716450216450215
246,0.3625541125541126,0.21840125374967012,0.1749522866697004,0.10134338271275738,0.37716450216450215
247,0.3630952380952381,0.21920603758630086,0.1741807289415817,0.10162117349405311,0.3777056277056277
248,0.36363636363636365,0.219984494788526,0.1749220866061518,0.10193690129082611,0.37716450216450215
249,0.36688311688311687,0.21731934699870348,0.17292611862226992,0.09411030618658091,0.3782467532467532
250,0.3658008658008658,0.2166506441903514,0.17285516300520698,0.09329958624821888,0.3777056277056277
251,0.4015151515151515,0.24505230995625205,0.19731045771654052,0.15111171080931574,0.4172077922077922
252,0.3961038961038961,0.23770491803278682,0.19215515501110927,0.1517622645801012,0.41829004329004327
253,0.38852813852813856,0.23083524712286985,0.1882511594644502,0.14826376457505383,0.413961038961039
254,0.37662337662337664,0.224863825696892,0.18688218866456074,0.137457301053651,0.4074675324675325
255,0.3760822510822511,0.22432709298490483,0.18587467358655618,0.13704877825983705,0.4069264069264069
256,0.3760822510822511,0.22393015333500643,0.18566172784988969,0.13716308991149842,0.4074675324675325
257,0.3917748917748918,0.23251503820516994,0.1844368317870438,0.1353395298486253,0.4145021645021645
258,0.39285714285714285,0.23408527672696477,0.18459707996988434,0.13573228976915822,0.4155844155844156
259,0.3906926406926407,0.23089705908443092,0.18465761019606444,0.13538837502071513,0.4155844155844156
260,0.39231601731601734,0.23236766385070096,0.1861292609644473,0.1370385554809282,0.4172077922077922
261,0.39285714285714285,0.23172639023050912,0.19082606598023197,0.12503792501032468,0.4107142857142857
262,0.3917748917748918,0.23310301032115388,0.1910516347359594,0.12500969799544154,0.41125541125541126
263,0.3906926406926407,0.22750792409794474,0.18783419260423542,0.1364516176510899,0.41504329004329005
264,0.3906926406926407,0.2274628971329392,0.18771103720703736,0.13615011049547848,0.41504329004329005
265,0.3961038961038961,0.2331656538847804,0.19424261358025943,0.1521515330111569,0.4166666666666667
266,0.3961038961038961,0.2329891202073162,0.19499535304058843,0.15297771551223954,0.4172077922077922
267,0.39826839826839827,0.23565923765882102,0.19628431135864446,0.1552679464819864,0.4199134199134199
268,0.3971861471861472,0.23508995905834562,0.1959528103850906,0.15258833963579121,0.4172077922077922
269,0.39664502164502163,0.2345611687604432,0.19574321263247768,0.1513144604402185,0.4172077922077922
270,0.3961038961038961,0.2337833093391538,0.19593509367041378,0.15035112841038487,0.4172077922077922
271,0.3977272727272727,0.23596877939190242,0.19644904079884334,0.15323065826518356,0.41883116883116883
272,0.38582251082251084,0.22730378947096985,0.18559545983974599,0.08659275799158622,0.3977272727272727
273,0.38365800865800864,0.2264534463870238,0.18935682702220874,0.09222126009507245,0.40205627705627706
274,0.38257575757575757,0.22591956945114922,0.18967189653580338,0.09303571153991655,0.4025974025974026
275,0.38636363636363635,0.22879995878360104,0.18790879064359325,0.09113957479888057,0.4004329004329004
276,0.36417748917748916,0.21114439283657782,0.17985800095967214,0.09588237185645737,0.4015151515151515
277,0.36742424242424243,0.21352168710183472,0.18030162131180916,0.09464380055825533,0.40205627705627706
278,0.37067099567099565,0.2210687461129982,0.17081446947842482,0.10141156603157966,0.395021645021645
279,0.37067099567099565,0.221246274673213,0.17143973406599092,0.1018550715273492,0.395021645021645
280,0.37012987012987014,0.22046283605769623,0.16958887340465573,0.09776281987751083,0.3917748917748918
281,0.3695887445887446,0.21912047137424306,0.17268962323092796,0.0930752307952451,0.39556277056277056
282,0.37012987012987014,0.21944054157619108,0.17476106199803979,0.0915919139244495,0.3971861471861472
283,0.36904761904761907,0.2189436879324138,0.17408044416599744,0.09298159813712514,0.3961038961038961
284,0.3722943722943723,0.21676289912599767,0.1767139228820181,0.09523766132883558,0.39935064935064934
285,0.3722943722943723,0.22215392475392937,0.1711971142569834,0.09769508629978349,0.3977272727272727
286,0.3712121212121212,0.2211604164883424,0.17276826888979144,0.09748563511437343,0.3971861471861472
287,0.4042207792207792,0.24194826547503423,0.19056910371339206,0.12352294066692811,0.4166666666666667
288,0.3739177489177489,0.22455529914557815,0.17481557986246649,0.09645819882772974,0.3998917748917749
289,0.37283549783549785,0.2237351272184812,0.17468991475902013,0.09459755202422644,0.39880952380952384
290,0.3630952380952381,0.21889339855794343,0.1759429411903059,0.09573450428360532,0.395021645021645
291,0.3647186147186147,0.22053778908929944,0.17727119764948335,0.09610361206990578,0.395021645021645
292,0.3235930735930736,0.16651903349402797,0.16421690007558057,0.061817066188319704,0.38852813852813856
293,0.37554112554112556,0.22183284121477131,0.18054836971423385,0.07956167390078756,0.39556277056277056
294,0.37554112554112556,0.22183284121477131,0.18054836971423385,0.07956167390078756,0.39556277056277056
295,0.2819264069264069,0.12087921542563207,0.14100905181979143,0.06848162932266974,0.37283549783549785
296,0.283008658008658,0.1218906569897481,0.14186782841965198,0.06860409881173925,0.37283549783549785
297,0.27976190476190477,0.11841572831144076,0.1458699625814746,0.07058004073583327,0.3739177489177489
298,0.28084415584415584,0.126095009011285,0.1474387575023918,0.07022718495422033,0.375
299,0.27976190476190477,0.11878494407157236,0.14602887789344204,0.06945051866394161,0.3739177489177489
300,0.2792207792207792,0.12478906711665683,0.1476464438450398,0.06993437104641415,0.37445887445887444
